{"cameraMode":{"drawMode":0,"name":"Shaded","section":"Shading Mode"},"sceneLighting":false,"audioPlay":false,"sceneViewState":{"showFog":true,"showMaterialUpdate":false,"showSkybox":false,"showFlares":true,"showImageEffects":true,"showParticleSystems":true},"in2DMode":false,"pivot":{"x":-3.632269859313965,"y":-3.61765193939209,"z":0.008295178413391114},"rotation":{"x":0.48816898465156557,"y":-0.04969637840986252,"z":0.027852937579154969,"w":0.8708915114402771},"size":2.040696620941162,"orthographic":true}