{"cameraMode":{"drawMode":0,"name":"Shaded","section":"Shading Mode"},"sceneLighting":false,"audioPlay":false,"sceneViewState":{"showFog":true,"showMaterialUpdate":false,"showSkybox":false,"showFlares":true,"showImageEffects":true,"showParticleSystems":true},"in2DMode":false,"pivot":{"x":-0.030029296875,"y":1.90301513671875,"z":-0.03719329833984375},"rotation":{"x":0.10598473995923996,"y":-0.7076646685600281,"z":0.10868900269269943,"w":0.6900497674942017},"size":2.274834632873535,"orthographic":true}