{"cameraMode":{"drawMode":0,"name":"Shaded","section":"Shading Mode"},"sceneLighting":false,"audioPlay":false,"sceneViewState":{"showFog":true,"showMaterialUpdate":false,"showSkybox":false,"showFlares":true,"showImageEffects":true,"showParticleSystems":true},"in2DMode":false,"pivot":{"x":-7.1100006103515629,"y":4.769999980926514,"z":3.5762786865234377e-7},"rotation":{"x":0.22139722108840943,"y":-0.09781569242477417,"z":0.022325778380036355,"w":0.970009982585907},"size":1.8962719440460206,"orthographic":true}