{"cameraMode":{"drawMode":0,"name":"Shaded","section":"Shading Mode"},"sceneLighting":false,"audioPlay":false,"sceneViewState":{"showFog":true,"showMaterialUpdate":false,"showSkybox":false,"showFlares":true,"showImageEffects":true,"showParticleSystems":true},"in2DMode":false,"pivot":{"x":-2.3271484375,"y":0.670989990234375,"z":1.17901611328125},"rotation":{"x":0.07237819582223892,"y":0.6175567507743836,"z":-0.05722368136048317,"w":0.7810966968536377},"size":0.41467738151550295,"orthographic":true}