{"cameraMode":{"drawMode":0,"name":"Shaded","section":"Shading Mode"},"sceneLighting":false,"audioPlay":false,"sceneViewState":{"showFog":true,"showMaterialUpdate":false,"showSkybox":false,"showFlares":true,"showImageEffects":true,"showParticleSystems":true},"in2DMode":false,"pivot":{"x":-7.420000076293945,"y":-3.32287859916687,"z":-0.06065431982278824},"rotation":{"x":0.22139722108840943,"y":-0.09781569242477417,"z":0.022325778380036355,"w":0.970009982585907},"size":2.180238962173462,"orthographic":true}