{"cameraMode":{"drawMode":0,"name":"Shaded","section":"Shading Mode"},"sceneLighting":false,"audioPlay":false,"sceneViewState":{"showFog":true,"showMaterialUpdate":false,"showSkybox":false,"showFlares":true,"showImageEffects":true,"showParticleSystems":true},"in2DMode":false,"pivot":{"x":8.630000114440918,"y":0.5299999713897705,"z":2.384185791015625e-7},"rotation":{"x":0.22139722108840943,"y":-0.09781569242477417,"z":0.022325778380036355,"w":0.970009982585907},"size":1.7933449745178223,"orthographic":true}