{"cameraMode":{"drawMode":0,"name":"Shaded","section":"Shading Mode"},"sceneLighting":false,"audioPlay":false,"sceneViewState":{"showFog":true,"showMaterialUpdate":false,"showSkybox":false,"showFlares":true,"showImageEffects":true,"showParticleSystems":true},"in2DMode":false,"pivot":{"x":-3.5299999713897707,"y":4.789999961853027,"z":1.1920928955078126e-7},"rotation":{"x":0.22139722108840943,"y":-0.09781569242477417,"z":0.022325778380036355,"w":0.970009982585907},"size":2.2085108757019045,"orthographic":true}