{"cameraMode":{"drawMode":0,"name":"Shaded","section":"Shading Mode"},"sceneLighting":false,"audioPlay":false,"sceneViewState":{"showFog":true,"showMaterialUpdate":false,"showSkybox":false,"showFlares":true,"showImageEffects":true,"showParticleSystems":true},"in2DMode":false,"pivot":{"x":-1.8400003910064698,"y":0.721359372138977,"z":-0.037569135427474979},"rotation":{"x":0.22139722108840943,"y":-0.09781569242477417,"z":0.022325778380036355,"w":0.970009982585907},"size":2.233245849609375,"orthographic":true}